AP1,angle_AP1,location_AP1_X,location_AP1_y,AP2,angle_AP2,location_AP2_X,location_AP2_y,AP3 ,angle_AP3,location_AP3_X,location_AP3_y,target_X,target_y
-45,44.25,9.6,7.5,-34,0,0,0,-40,78.83,0,7.5,1.5,0
-40,44.25,9.6,7.5,-38,0,0,0,-39,78.83,0,7.5,1.5,0
-40,44.25,9.6,7.5,-39,0,0,0,-40,78.83,0,7.5,1.5,0
-40,44.25,9.6,7.5,-35,0,0,0,-39,78.83,0,7.5,1.5,0
-40,44.25,9.6,7.5,-35,0,0,0,-39,78.83,0,7.5,1.5,0
-40,44.25,9.6,7.5,-38,0,0,0,-40,78.83,0,7.5,1.5,0
-41,44.25,9.6,7.5,-38,0,0,0,-40,78.83,0,7.5,1.5,0
-40,44.25,9.6,7.5,-37,0,0,0,-39,78.83,0,7.5,1.5,0
-40,44.25,9.6,7.5,-39,0,0,0,-39,78.83,0,7.5,1.5,0
-41,44.25,9.6,7.5,-37,0,0,0,-40,78.83,0,7.5,1.5,0
-41,44.25,9.6,7.5,-38,0,0,0,-41,78.83,0,7.5,1.5,0
-40,44.25,9.6,7.5,-37,0,0,0,-39,78.83,0,7.5,1.5,0
-39,44.25,9.6,7.5,-40,0,0,0,-40,78.83,0,7.5,1.5,0
-40,44.25,9.6,7.5,-38,0,0,0,-40,78.83,0,7.5,1.5,0
-40,44.25,9.6,7.5,-40,0,0,0,-40,78.83,0,7.5,1.5,0
-39,44.25,9.6,7.5,-38,0,0,0,-39,78.83,0,7.5,1.5,0
-40,44.25,9.6,7.5,-38,0,0,0,-40,78.83,0,7.5,1.5,0
-40,44.25,9.6,7.5,-37,0,0,0,-40,78.83,0,7.5,1.5,0
-40,44.25,9.6,7.5,-37,0,0,0,-41,78.83,0,7.5,1.5,0
-41,44.25,9.6,7.5,-36,0,0,0,-40,78.83,0,7.5,1.5,0
-41,44.25,9.6,7.5,-40,0,0,0,-40,78.83,0,7.5,1.5,0
-41,44.25,9.6,7.5,-38,0,0,0,-39,78.83,0,7.5,1.5,0
-41,44.25,9.6,7.5,-37,0,0,0,-41,78.83,0,7.5,1.5,0
-42,44.25,9.6,7.5,-38,0,0,0,-39,78.83,0,7.5,1.5,0
-44,44.25,9.6,7.5,-38,0,0,0,-41,78.83,0,7.5,1.5,0
-39,44.25,9.6,7.5,-38,0,0,0,-40,78.83,0,7.5,1.5,0
-40,44.25,9.6,7.5,-36,0,0,0,-41,78.83,0,7.5,1.5,0
-40,44.25,9.6,7.5,-39,0,0,0,-40,78.83,0,7.5,1.5,0
-41,44.25,9.6,7.5,-38,0,0,0,-40,78.83,0,7.5,1.5,0
-44,44.25,9.6,7.5,-39,0,0,0,-40,78.83,0,7.5,1.5,0
-42,44.25,9.6,7.5,-39,0,0,0,-40,78.83,0,7.5,1.5,0
-42,44.25,9.6,7.5,-39,0,0,0,-40,78.83,0,7.5,1.5,0
-44,44.25,9.6,7.5,-39,0,0,0,-41,78.83,0,7.5,1.5,0
-44,44.25,9.6,7.5,-38,0,0,0,-41,78.83,0,7.5,1.5,0
-40,44.25,9.6,7.5,-37,0,0,0,-39,78.83,0,7.5,1.5,0
-44,44.25,9.6,7.5,-39,0,0,0,-40,78.83,0,7.5,1.5,0
-44,44.25,9.6,7.5,-38,0,0,0,-40,78.83,0,7.5,1.5,0
-44,44.25,9.6,7.5,-37,0,0,0,-40,78.83,0,7.5,1.5,0
-44,44.25,9.6,7.5,-38,0,0,0,-40,78.83,0,7.5,1.5,0
-44,44.25,9.6,7.5,-38,0,0,0,-40,78.83,0,7.5,1.5,0
-44,44.25,9.6,7.5,-40,0,0,0,-39,78.83,0,7.5,1.5,0
-44,44.25,9.6,7.5,-39,0,0,0,-38,78.83,0,7.5,1.5,0
-44,44.25,9.6,7.5,-36,0,0,0,-40,78.83,0,7.5,1.5,0
-41,44.25,9.6,7.5,-36,0,0,0,-39,78.83,0,7.5,1.5,0
-40,44.25,9.6,7.5,-38,0,0,0,-39,78.83,0,7.5,1.5,0
-44,44.25,9.6,7.5,-37,0,0,0,-40,78.83,0,7.5,1.5,0
-44,44.25,9.6,7.5,-38,0,0,0,-39,78.83,0,7.5,1.5,0
-44,44.25,9.6,7.5,-36,0,0,0,-40,78.83,0,7.5,1.5,0
-44,44.25,9.6,7.5,-38,0,0,0,-40,78.83,0,7.5,1.5,0
-44,44.25,9.6,7.5,-38,0,0,0,-39,78.83,0,7.5,1.5,0
-44,44.25,9.6,7.5,-37,0,0,0,-40,78.83,0,7.5,1.5,0
-43,50.34,9.6,7.5,-45,0,0,0,-41,68.4,0,7.5,3,0
-43,50.34,9.6,7.5,-48,0,0,0,-37,68.4,0,7.5,3,0
-43,50.34,9.6,7.5,-43,0,0,0,-40,68.4,0,7.5,3,0
-43,50.34,9.6,7.5,-48,0,0,0,-39,68.4,0,7.5,3,0
-43,50.34,9.6,7.5,-44,0,0,0,-39,68.4,0,7.5,3,0
-43,50.34,9.6,7.5,-46,0,0,0,-39,68.4,0,7.5,3,0
-43,50.34,9.6,7.5,-46,0,0,0,-40,68.4,0,7.5,3,0
-43,50.34,9.6,7.5,-44,0,0,0,-39,68.4,0,7.5,3,0
-43,50.34,9.6,7.5,-44,0,0,0,-42,68.4,0,7.5,3,0
-43,50.34,9.6,7.5,-44,0,0,0,-40,68.4,0,7.5,3,0
-43,50.34,9.6,7.5,-45,0,0,0,-40,68.4,0,7.5,3,0
-43,50.34,9.6,7.5,-43,0,0,0,-40,68.4,0,7.5,3,0
-43,50.34,9.6,7.5,-44,0,0,0,-41,68.4,0,7.5,3,0
-43,50.34,9.6,7.5,-44,0,0,0,-39,68.4,0,7.5,3,0
-43,50.34,9.6,7.5,-45,0,0,0,-39,68.4,0,7.5,3,0
-43,50.34,9.6,7.5,-48,0,0,0,-42,68.4,0,7.5,3,0
-43,50.34,9.6,7.5,-44,0,0,0,-40,68.4,0,7.5,3,0
-43,50.34,9.6,7.5,-43,0,0,0,-43,68.4,0,7.5,3,0
-43,50.34,9.6,7.5,-44,0,0,0,-40,68.4,0,7.5,3,0
-43,50.34,9.6,7.5,-45,0,0,0,-40,68.4,0,7.5,3,0
-43,50.34,9.6,7.5,-45,0,0,0,-40,68.4,0,7.5,3,0
-43,50.34,9.6,7.5,-44,0,0,0,-42,68.4,0,7.5,3,0
-43,50.34,9.6,7.5,-43,0,0,0,-42,68.4,0,7.5,3,0
-43,50.34,9.6,7.5,-46,0,0,0,-42,68.4,0,7.5,3,0
-43,50.34,9.6,7.5,-44,0,0,0,-38,68.4,0,7.5,3,0
-42,50.34,9.6,7.5,-45,0,0,0,-39,68.4,0,7.5,3,0
-43,50.34,9.6,7.5,-43,0,0,0,-41,68.4,0,7.5,3,0
-43,50.34,9.6,7.5,-46,0,0,0,-40,68.4,0,7.5,3,0
-42,50.34,9.6,7.5,-46,0,0,0,-40,68.4,0,7.5,3,0
-42,50.34,9.6,7.5,-45,0,0,0,-42,68.4,0,7.5,3,0
-42,50.34,9.6,7.5,-45,0,0,0,-39,68.4,0,7.5,3,0
-42,50.34,9.6,7.5,-44,0,0,0,-41,68.4,0,7.5,3,0
-42,50.34,9.6,7.5,-44,0,0,0,-41,68.4,0,7.5,3,0
-44,50.34,9.6,7.5,-43,0,0,0,-40,68.4,0,7.5,3,0
-45,50.34,9.6,7.5,-44,0,0,0,-41,68.4,0,7.5,3,0
-43,50.34,9.6,7.5,-46,0,0,0,-43,68.4,0,7.5,3,0
-44,50.34,9.6,7.5,-46,0,0,0,-41,68.4,0,7.5,3,0
-43,50.34,9.6,7.5,-47,0,0,0,-41,68.4,0,7.5,3,0
-44,50.34,9.6,7.5,-44,0,0,0,-42,68.4,0,7.5,3,0
-43,50.34,9.6,7.5,-45,0,0,0,-40,68.4,0,7.5,3,0
-44,50.34,9.6,7.5,-44,0,0,0,-38,68.4,0,7.5,3,0
-43,50.34,9.6,7.5,-45,0,0,0,-39,68.4,0,7.5,3,0
-42,50.34,9.6,7.5,-44,0,0,0,-40,68.4,0,7.5,3,0
-44,50.34,9.6,7.5,-43,0,0,0,-40,68.4,0,7.5,3,0
-42,50.34,9.6,7.5,-45,0,0,0,-39,68.4,0,7.5,3,0
-45,50.34,9.6,7.5,-43,0,0,0,-41,68.4,0,7.5,3,0
-43,50.34,9.6,7.5,-43,0,0,0,-42,68.4,0,7.5,3,0
-43,50.34,9.6,7.5,-46,0,0,0,-43,68.4,0,7.5,3,0
-42,50.34,9.6,7.5,-44,0,0,0,-37,68.4,0,7.5,3,0
-43,50.34,9.6,7.5,-46,0,0,0,-38,68.4,0,7.5,3,0
-44,65.89,9.6,7.5,-53,0,0,0,-36,51.7,0,7.5,6,0
-48,65.89,9.6,7.5,-47,0,0,0,-35,51.7,0,7.5,6,0
-48,65.89,9.6,7.5,-47,0,0,0,-36,51.7,0,7.5,6,0
-48,65.89,9.6,7.5,-47,0,0,0,-35,51.7,0,7.5,6,0
-47,65.89,9.6,7.5,-45,0,0,0,-36,51.7,0,7.5,6,0
-49,65.89,9.6,7.5,-48,0,0,0,-35,51.7,0,7.5,6,0
-48,65.89,9.6,7.5,-47,0,0,0,-36,51.7,0,7.5,6,0
-48,65.89,9.6,7.5,-48,0,0,0,-35,51.7,0,7.5,6,0
-48,65.89,9.6,7.5,-49,0,0,0,-36,51.7,0,7.5,6,0
-49,65.89,9.6,7.5,-47,0,0,0,-36,51.7,0,7.5,6,0
-47,65.89,9.6,7.5,-47,0,0,0,-35,51.7,0,7.5,6,0
-49,65.89,9.6,7.5,-45,0,0,0,-35,51.7,0,7.5,6,0
-48,65.89,9.6,7.5,-48,0,0,0,-37,51.7,0,7.5,6,0
-47,65.89,9.6,7.5,-47,0,0,0,-36,51.7,0,7.5,6,0
-48,65.89,9.6,7.5,-47,0,0,0,-36,51.7,0,7.5,6,0
-48,65.89,9.6,7.5,-47,0,0,0,-35,51.7,0,7.5,6,0
-48,65.89,9.6,7.5,-47,0,0,0,-35,51.7,0,7.5,6,0
-49,65.89,9.6,7.5,-46,0,0,0,-34,51.7,0,7.5,6,0
-48,65.89,9.6,7.5,-47,0,0,0,-35,51.7,0,7.5,6,0
-50,65.89,9.6,7.5,-47,0,0,0,-35,51.7,0,7.5,6,0
-48,65.89,9.6,7.5,-47,0,0,0,-36,51.7,0,7.5,6,0
-49,65.89,9.6,7.5,-48,0,0,0,-35,51.7,0,7.5,6,0
-48,65.89,9.6,7.5,-48,0,0,0,-36,51.7,0,7.5,6,0
-49,65.89,9.6,7.5,-47,0,0,0,-34,51.7,0,7.5,6,0
-50,65.89,9.6,7.5,-47,0,0,0,-35,51.7,0,7.5,6,0
-48,65.89,9.6,7.5,-47,0,0,0,-35,51.7,0,7.5,6,0
-49,65.89,9.6,7.5,-48,0,0,0,-35,51.7,0,7.5,6,0
-48,65.89,9.6,7.5,-47,0,0,0,-35,51.7,0,7.5,6,0
-48,65.89,9.6,7.5,-47,0,0,0,-36,51.7,0,7.5,6,0
-49,65.89,9.6,7.5,-47,0,0,0,-36,51.7,0,7.5,6,0
-50,65.89,9.6,7.5,-48,0,0,0,-34,51.7,0,7.5,6,0
-48,65.89,9.6,7.5,-47,0,0,0,-35,51.7,0,7.5,6,0
-48,65.89,9.6,7.5,-47,0,0,0,-35,51.7,0,7.5,6,0
-48,65.89,9.6,7.5,-47,0,0,0,-34,51.7,0,7.5,6,0
-50,65.89,9.6,7.5,-47,0,0,0,-35,51.7,0,7.5,6,0
-48,65.89,9.6,7.5,-45,0,0,0,-36,51.7,0,7.5,6,0
-49,65.89,9.6,7.5,-48,0,0,0,-36,51.7,0,7.5,6,0
-49,65.89,9.6,7.5,-47,0,0,0,-36,51.7,0,7.5,6,0
-48,65.89,9.6,7.5,-48,0,0,0,-36,51.7,0,7.5,6,0
-50,65.89,9.6,7.5,-47,0,0,0,-35,51.7,0,7.5,6,0
-48,65.89,9.6,7.5,-48,0,0,0,-36,51.7,0,7.5,6,0
-49,65.89,9.6,7.5,-47,0,0,0,-35,51.7,0,7.5,6,0
-49,65.89,9.6,7.5,-45,0,0,0,-36,51.7,0,7.5,6,0
-48,65.89,9.6,7.5,-48,0,0,0,-36,51.7,0,7.5,6,0
-49,65.89,9.6,7.5,-47,0,0,0,-35,51.7,0,7.5,6,0
-48,65.89,9.6,7.5,-47,0,0,0,-36,51.7,0,7.5,6,0
-44,65.89,9.6,7.5,-48,0,0,0,-35,51.7,0,7.5,6,0
-49,65.89,9.6,7.5,-48,0,0,0,-34,51.7,0,7.5,6,0
-48,65.89,9.6,7.5,-47,0,0,0,-34,51.7,0,7.5,6,0
-49,65.89,9.6,7.5,-47,0,0,0,-35,51.7,0,7.5,6,0
-38,76.67,9.6,7.5,-49,0,0,0,-41,45.37,0,7.5,7.5,0
-48,76.67,9.6,7.5,-46,0,0,0,-40,45.37,0,7.5,7.5,0
-43,76.67,9.6,7.5,-55,0,0,0,-38,45.37,0,7.5,7.5,0
-41,76.67,9.6,7.5,-57,0,0,0,-40,45.37,0,7.5,7.5,0
-42,76.67,9.6,7.5,-53,0,0,0,-39,45.37,0,7.5,7.5,0
-42,76.67,9.6,7.5,-60,0,0,0,-39,45.37,0,7.5,7.5,0
-41,76.67,9.6,7.5,-56,0,0,0,-38,45.37,0,7.5,7.5,0
-42,76.67,9.6,7.5,-50,0,0,0,-39,45.37,0,7.5,7.5,0
-41,76.67,9.6,7.5,-55,0,0,0,-38,45.37,0,7.5,7.5,0
-41,76.67,9.6,7.5,-51,0,0,0,-39,45.37,0,7.5,7.5,0
-41,76.67,9.6,7.5,-53,0,0,0,-39,45.37,0,7.5,7.5,0
-41,76.67,9.6,7.5,-56,0,0,0,-38,45.37,0,7.5,7.5,0
-41,76.67,9.6,7.5,-55,0,0,0,-39,45.37,0,7.5,7.5,0
-42,76.67,9.6,7.5,-54,0,0,0,-39,45.37,0,7.5,7.5,0
-41,76.67,9.6,7.5,-57,0,0,0,-38,45.37,0,7.5,7.5,0
-43,76.67,9.6,7.5,-56,0,0,0,-39,45.37,0,7.5,7.5,0
-40,76.67,9.6,7.5,-58,0,0,0,-39,45.37,0,7.5,7.5,0
-41,76.67,9.6,7.5,-57,0,0,0,-39,45.37,0,7.5,7.5,0
-41,76.67,9.6,7.5,-56,0,0,0,-39,45.37,0,7.5,7.5,0
-42,76.67,9.6,7.5,-55,0,0,0,-40,45.37,0,7.5,7.5,0
-41,76.67,9.6,7.5,-56,0,0,0,-39,45.37,0,7.5,7.5,0
-41,76.67,9.6,7.5,-57,0,0,0,-39,45.37,0,7.5,7.5,0
-41,76.67,9.6,7.5,-56,0,0,0,-37,45.37,0,7.5,7.5,0
-42,76.67,9.6,7.5,-58,0,0,0,-39,45.37,0,7.5,7.5,0
-41,76.67,9.6,7.5,-55,0,0,0,-39,45.37,0,7.5,7.5,0
-41,76.67,9.6,7.5,-56,0,0,0,-39,45.37,0,7.5,7.5,0
-41,76.67,9.6,7.5,-57,0,0,0,-39,45.37,0,7.5,7.5,0
-41,76.67,9.6,7.5,-55,0,0,0,-39,45.37,0,7.5,7.5,0
-42,76.67,9.6,7.5,-57,0,0,0,-38,45.37,0,7.5,7.5,0
-41,76.67,9.6,7.5,-55,0,0,0,-39,45.37,0,7.5,7.5,0
-41,76.67,9.6,7.5,-55,0,0,0,-39,45.37,0,7.5,7.5,0
-43,76.67,9.6,7.5,-55,0,0,0,-38,45.37,0,7.5,7.5,0
-40,76.67,9.6,7.5,-56,0,0,0,-39,45.37,0,7.5,7.5,0
-41,76.67,9.6,7.5,-56,0,0,0,-39,45.37,0,7.5,7.5,0
-42,76.67,9.6,7.5,-56,0,0,0,-40,45.37,0,7.5,7.5,0
-41,76.67,9.6,7.5,-57,0,0,0,-39,45.37,0,7.5,7.5,0
-42,76.67,9.6,7.5,-56,0,0,0,-40,45.37,0,7.5,7.5,0
-41,76.67,9.6,7.5,-56,0,0,0,-39,45.37,0,7.5,7.5,0
-41,76.67,9.6,7.5,-56,0,0,0,-39,45.37,0,7.5,7.5,0
-42,76.67,9.6,7.5,-57,0,0,0,-38,45.37,0,7.5,7.5,0
-41,76.67,9.6,7.5,-56,0,0,0,-39,45.37,0,7.5,7.5,0
-41,76.67,9.6,7.5,-57,0,0,0,-39,45.37,0,7.5,7.5,0
-41,76.67,9.6,7.5,-56,0,0,0,-39,45.37,0,7.5,7.5,0
-41,76.67,9.6,7.5,-56,0,0,0,-39,45.37,0,7.5,7.5,0
-41,76.67,9.6,7.5,-57,0,0,0,-38,45.37,0,7.5,7.5,0
-42,76.67,9.6,7.5,-57,0,0,0,-39,45.37,0,7.5,7.5,0
-41,76.67,9.6,7.5,-56,0,0,0,-38,45.37,0,7.5,7.5,0
-41,76.67,9.6,7.5,-57,0,0,0,-39,45.37,0,7.5,7.5,0
-41,76.67,9.6,7.5,-56,0,0,0,-38,45.37,0,7.5,7.5,0
-41,76.67,9.6,7.5,-56,0,0,0,-39,45.37,0,7.5,7.5,0
-48,87.73,9.6,7.5,-48,0,0,0,-42,40.17,0,7.5,9,0
-46,87.73,9.6,7.5,-49,0,0,0,-37,40.17,0,7.5,9,0
-46,87.73,9.6,7.5,-50,0,0,0,-38,40.17,0,7.5,9,0
-43,87.73,9.6,7.5,-49,0,0,0,-37,40.17,0,7.5,9,0
-43,87.73,9.6,7.5,-50,0,0,0,-38,40.17,0,7.5,9,0
-44,87.73,9.6,7.5,-51,0,0,0,-37,40.17,0,7.5,9,0
-44,87.73,9.6,7.5,-47,0,0,0,-38,40.17,0,7.5,9,0
-43,87.73,9.6,7.5,-49,0,0,0,-38,40.17,0,7.5,9,0
-44,87.73,9.6,7.5,-50,0,0,0,-39,40.17,0,7.5,9,0
-43,87.73,9.6,7.5,-51,0,0,0,-38,40.17,0,7.5,9,0
-44,87.73,9.6,7.5,-48,0,0,0,-38,40.17,0,7.5,9,0
-44,87.73,9.6,7.5,-47,0,0,0,-38,40.17,0,7.5,9,0
-43,87.73,9.6,7.5,-48,0,0,0,-38,40.17,0,7.5,9,0
-43,87.73,9.6,7.5,-48,0,0,0,-38,40.17,0,7.5,9,0
-44,87.73,9.6,7.5,-48,0,0,0,-38,40.17,0,7.5,9,0
-43,87.73,9.6,7.5,-51,0,0,0,-38,40.17,0,7.5,9,0
-44,87.73,9.6,7.5,-48,0,0,0,-39,40.17,0,7.5,9,0
-43,87.73,9.6,7.5,-49,0,0,0,-38,40.17,0,7.5,9,0
-44,87.73,9.6,7.5,-50,0,0,0,-38,40.17,0,7.5,9,0
-43,87.73,9.6,7.5,-48,0,0,0,-39,40.17,0,7.5,9,0
-44,87.73,9.6,7.5,-49,0,0,0,-38,40.17,0,7.5,9,0
-43,87.73,9.6,7.5,-47,0,0,0,-39,40.17,0,7.5,9,0
-44,87.73,9.6,7.5,-48,0,0,0,-38,40.17,0,7.5,9,0
-43,87.73,9.6,7.5,-49,0,0,0,-39,40.17,0,7.5,9,0
-44,87.73,9.6,7.5,-50,0,0,0,-38,40.17,0,7.5,9,0
-44,87.73,9.6,7.5,-49,0,0,0,-39,40.17,0,7.5,9,0
-44,87.73,9.6,7.5,-50,0,0,0,-39,40.17,0,7.5,9,0
-43,87.73,9.6,7.5,-49,0,0,0,-39,40.17,0,7.5,9,0
-43,87.73,9.6,7.5,-45,0,0,0,-38,40.17,0,7.5,9,0
-43,87.73,9.6,7.5,-48,0,0,0,-39,40.17,0,7.5,9,0
-44,87.73,9.6,7.5,-49,0,0,0,-38,40.17,0,7.5,9,0
-43,87.73,9.6,7.5,-50,0,0,0,-38,40.17,0,7.5,9,0
-43,87.73,9.6,7.5,-49,0,0,0,-39,40.17,0,7.5,9,0
-44,87.73,9.6,7.5,-48,0,0,0,-38,40.17,0,7.5,9,0
-43,87.73,9.6,7.5,-49,0,0,0,-39,40.17,0,7.5,9,0
-44,87.73,9.6,7.5,-50,0,0,0,-39,40.17,0,7.5,9,0
-43,87.73,9.6,7.5,-47,0,0,0,-38,40.17,0,7.5,9,0
-44,87.73,9.6,7.5,-49,0,0,0,-38,40.17,0,7.5,9,0
-43,87.73,9.6,7.5,-48,0,0,0,-38,40.17,0,7.5,9,0
-44,87.73,9.6,7.5,-49,0,0,0,-38,40.17,0,7.5,9,0
-44,87.73,9.6,7.5,-47,0,0,0,-39,40.17,0,7.5,9,0
-43,87.73,9.6,7.5,-49,0,0,0,-39,40.17,0,7.5,9,0
-44,87.73,9.6,7.5,-47,0,0,0,-39,40.17,0,7.5,9,0
-43,87.73,9.6,7.5,-49,0,0,0,-38,40.17,0,7.5,9,0
-44,87.73,9.6,7.5,-49,0,0,0,-38,40.17,0,7.5,9,0
-43,87.73,9.6,7.5,-49,0,0,0,-39,40.17,0,7.5,9,0
-44,87.73,9.6,7.5,-49,0,0,0,-39,40.17,0,7.5,9,0
-44,87.73,9.6,7.5,-49,0,0,0,-38,40.17,0,7.5,9,0
-43,87.73,9.6,7.5,-49,0,0,0,-39,40.17,0,7.5,9,0
-44,87.73,9.6,7.5,-49,0,0,0,-39,40.17,0,7.5,9,0
-50,29.42,9.6,7.5,-54,64.8,0,0,-47,71.17,0,7.5,1.5,3.2
-43,29.42,9.6,7.5,-45,64.8,0,0,-50,71.17,0,7.5,1.5,3.2
-43,29.42,9.6,7.5,-50,64.8,0,0,-47,71.17,0,7.5,1.5,3.2
-41,29.42,9.6,7.5,-52,64.8,0,0,-48,71.17,0,7.5,1.5,3.2
-42,29.42,9.6,7.5,-49,64.8,0,0,-48,71.17,0,7.5,1.5,3.2
-42,29.42,9.6,7.5,-50,64.8,0,0,-48,71.17,0,7.5,1.5,3.2
-42,29.42,9.6,7.5,-48,64.8,0,0,-48,71.17,0,7.5,1.5,3.2
-44,29.42,9.6,7.5,-48,64.8,0,0,-48,71.17,0,7.5,1.5,3.2
-41,29.42,9.6,7.5,-51,64.8,0,0,-48,71.17,0,7.5,1.5,3.2
-42,29.42,9.6,7.5,-51,64.8,0,0,-48,71.17,0,7.5,1.5,3.2
-42,29.42,9.6,7.5,-50,64.8,0,0,-47,71.17,0,7.5,1.5,3.2
-46,29.42,9.6,7.5,-50,64.8,0,0,-48,71.17,0,7.5,1.5,3.2
-43,29.42,9.6,7.5,-49,64.8,0,0,-48,71.17,0,7.5,1.5,3.2
-44,29.42,9.6,7.5,-50,64.8,0,0,-49,71.17,0,7.5,1.5,3.2
-44,29.42,9.6,7.5,-49,64.8,0,0,-50,71.17,0,7.5,1.5,3.2
-43,29.42,9.6,7.5,-52,64.8,0,0,-47,71.17,0,7.5,1.5,3.2
-46,29.42,9.6,7.5,-50,64.8,0,0,-50,71.17,0,7.5,1.5,3.2
-45,29.42,9.6,7.5,-49,64.8,0,0,-49,71.17,0,7.5,1.5,3.2
-43,29.42,9.6,7.5,-51,64.8,0,0,-48,71.17,0,7.5,1.5,3.2
-43,29.42,9.6,7.5,-50,64.8,0,0,-48,71.17,0,7.5,1.5,3.2
-44,29.42,9.6,7.5,-49,64.8,0,0,-48,71.17,0,7.5,1.5,3.2
-42,29.42,9.6,7.5,-50,64.8,0,0,-48,71.17,0,7.5,1.5,3.2
-43,29.42,9.6,7.5,-50,64.8,0,0,-49,71.17,0,7.5,1.5,3.2
-41,29.42,9.6,7.5,-50,64.8,0,0,-49,71.17,0,7.5,1.5,3.2
-42,29.42,9.6,7.5,-49,64.8,0,0,-48,71.17,0,7.5,1.5,3.2
-43,29.42,9.6,7.5,-50,64.8,0,0,-47,71.17,0,7.5,1.5,3.2
-44,29.42,9.6,7.5,-50,64.8,0,0,-50,71.17,0,7.5,1.5,3.2
-42,29.42,9.6,7.5,-51,64.8,0,0,-49,71.17,0,7.5,1.5,3.2
-43,29.42,9.6,7.5,-50,64.8,0,0,-48,71.17,0,7.5,1.5,3.2
-44,29.42,9.6,7.5,-49,64.8,0,0,-49,71.17,0,7.5,1.5,3.2
-43,29.42,9.6,7.5,-50,64.8,0,0,-48,71.17,0,7.5,1.5,3.2
-46,29.42,9.6,7.5,-50,64.8,0,0,-47,71.17,0,7.5,1.5,3.2
-43,29.42,9.6,7.5,-51,64.8,0,0,-48,71.17,0,7.5,1.5,3.2
-44,29.42,9.6,7.5,-49,64.8,0,0,-48,71.17,0,7.5,1.5,3.2
-45,29.42,9.6,7.5,-50,64.8,0,0,-50,71.17,0,7.5,1.5,3.2
-43,29.42,9.6,7.5,-50,64.8,0,0,-50,71.17,0,7.5,1.5,3.2
-44,29.42,9.6,7.5,-51,64.8,0,0,-48,71.17,0,7.5,1.5,3.2
-42,29.42,9.6,7.5,-50,64.8,0,0,-49,71.17,0,7.5,1.5,3.2
-45,29.42,9.6,7.5,-50,64.8,0,0,-48,71.17,0,7.5,1.5,3.2
-45,29.42,9.6,7.5,-50,64.8,0,0,-49,71.17,0,7.5,1.5,3.2
-42,29.42,9.6,7.5,-50,64.8,0,0,-49,71.17,0,7.5,1.5,3.2
-43,29.42,9.6,7.5,-49,64.8,0,0,-48,71.17,0,7.5,1.5,3.2
-45,29.42,9.6,7.5,-50,64.8,0,0,-49,71.17,0,7.5,1.5,3.2
-43,29.42,9.6,7.5,-50,64.8,0,0,-47,71.17,0,7.5,1.5,3.2
-45,29.42,9.6,7.5,-50,64.8,0,0,-48,71.17,0,7.5,1.5,3.2
-42,29.42,9.6,7.5,-50,64.8,0,0,-49,71.17,0,7.5,1.5,3.2
-43,29.42,9.6,7.5,-50,64.8,0,0,-49,71.17,0,7.5,1.5,3.2
-45,29.42,9.6,7.5,-50,64.8,0,0,-49,71.17,0,7.5,1.5,3.2
-43,29.42,9.6,7.5,-50,64.8,0,0,-47,71.17,0,7.5,1.5,3.2
-45,29.42,9.6,7.5,-50,64.8,0,0,-48,71.17,0,7.5,1.5,3.2
41,32.43,9.6,7.5,-50,46.48,0,0,-42,55.7,0,7.5,3,3.2
-36,32.43,9.6,7.5,-46,46.48,0,0,-39,55.7,0,7.5,3,3.2
-36,32.43,9.6,7.5,-50,46.48,0,0,-40,55.7,0,7.5,3,3.2
-36,32.43,9.6,7.5,-46,46.48,0,0,-41,55.7,0,7.5,3,3.2
-37,32.43,9.6,7.5,-47,46.48,0,0,-41,55.7,0,7.5,3,3.2
-35,32.43,9.6,7.5,-50,46.48,0,0,-42,55.7,0,7.5,3,3.2
-35,32.43,9.6,7.5,-49,46.48,0,0,-41,55.7,0,7.5,3,3.2
-38,32.43,9.6,7.5,-48,46.48,0,0,-42,55.7,0,7.5,3,3.2
-38,32.43,9.6,7.5,-49,46.48,0,0,-41,55.7,0,7.5,3,3.2
-38,32.43,9.6,7.5,-49,46.48,0,0,-41,55.7,0,7.5,3,3.2
-37,32.43,9.6,7.5,-46,46.48,0,0,-39,55.7,0,7.5,3,3.2
-37,32.43,9.6,7.5,-49,46.48,0,0,-41,55.7,0,7.5,3,3.2
-37,32.43,9.6,7.5,-47,46.48,0,0,-42,55.7,0,7.5,3,3.2
-38,32.43,9.6,7.5,-48,46.48,0,0,-40,55.7,0,7.5,3,3.2
-38,32.43,9.6,7.5,-47,46.48,0,0,-42,55.7,0,7.5,3,3.2
-36,32.43,9.6,7.5,-47,46.48,0,0,-40,55.7,0,7.5,3,3.2
-36,32.43,9.6,7.5,-48,46.48,0,0,-40,55.7,0,7.5,3,3.2
-37,32.43,9.6,7.5,-49,46.48,0,0,-41,55.7,0,7.5,3,3.2
-37,32.43,9.6,7.5,-47,46.48,0,0,-41,55.7,0,7.5,3,3.2
-36,32.43,9.6,7.5,-47,46.48,0,0,-40,55.7,0,7.5,3,3.2
-38,32.43,9.6,7.5,-49,46.48,0,0,-41,55.7,0,7.5,3,3.2
-38,32.43,9.6,7.5,-48,46.48,0,0,-40,55.7,0,7.5,3,3.2
-37,32.43,9.6,7.5,-47,46.48,0,0,-41,55.7,0,7.5,3,3.2
-36,32.43,9.6,7.5,-46,46.48,0,0,-41,55.7,0,7.5,3,3.2
-37,32.43,9.6,7.5,-47,46.48,0,0,-40,55.7,0,7.5,3,3.2
-38,32.43,9.6,7.5,-46,46.48,0,0,-41,55.7,0,7.5,3,3.2
-38,32.43,9.6,7.5,-46,46.48,0,0,-42,55.7,0,7.5,3,3.2
-37,32.43,9.6,7.5,-46,46.48,0,0,-41,55.7,0,7.5,3,3.2
-36,32.43,9.6,7.5,-47,46.48,0,0,-42,55.7,0,7.5,3,3.2
-37,32.43,9.6,7.5,-46,46.48,0,0,-41,55.7,0,7.5,3,3.2
-36,32.43,9.6,7.5,-48,46.48,0,0,-40,55.7,0,7.5,3,3.2
-38,32.43,9.6,7.5,-46,46.48,0,0,-41,55.7,0,7.5,3,3.2
-38,32.43,9.6,7.5,-47,46.48,0,0,-41,55.7,0,7.5,3,3.2
-38,32.43,9.6,7.5,-48,46.48,0,0,-42,55.7,0,7.5,3,3.2
-38,32.43,9.6,7.5,-47,46.48,0,0,-42,55.7,0,7.5,3,3.2
-38,32.43,9.6,7.5,-49,46.48,0,0,-41,55.7,0,7.5,3,3.2
-37,32.43,9.6,7.5,-47,46.48,0,0,-40,55.7,0,7.5,3,3.2
-38,32.43,9.6,7.5,-44,46.48,0,0,-41,55.7,0,7.5,3,3.2
-38,32.43,9.6,7.5,-47,46.48,0,0,-40,55.7,0,7.5,3,3.2
-38,32.43,9.6,7.5,-46,46.48,0,0,-41,55.7,0,7.5,3,3.2
-37,32.43,9.6,7.5,-47,46.48,0,0,-42,55.7,0,7.5,3,3.2
-38,32.43,9.6,7.5,-44,46.48,0,0,-41,55.7,0,7.5,3,3.2
-38,32.43,9.6,7.5,-47,46.48,0,0,-42,55.7,0,7.5,3,3.2
-38,32.43,9.6,7.5,-46,46.48,0,0,-41,55.7,0,7.5,3,3.2
-38,32.43,9.6,7.5,-47,46.48,0,0,-42,55.7,0,7.5,3,3.2
-36,32.43,9.6,7.5,-46,46.48,0,0,-40,55.7,0,7.5,3,3.2
-38,32.43,9.6,7.5,-47,46.48,0,0,-41,55.7,0,7.5,3,3.2
-38,32.43,9.6,7.5,-48,46.48,0,0,-41,55.7,0,7.5,3,3.2
-38,32.43,9.6,7.5,-46,46.48,0,0,-41,55.7,0,7.5,3,3.2
-38,32.43,9.6,7.5,-47,46.48,0,0,-42,55.7,0,7.5,3,3.2
-45,42.51,9.6,7.5,-51,44.35,0,0,-38,35.41,0,7.5,4.5,3.2
-41,42.51,9.6,7.5,-50,44.35,0,0,-39,35.41,0,7.5,4.5,3.2
-46,42.51,9.6,7.5,-59,44.35,0,0,-41,35.41,0,7.5,4.5,3.2
-45,42.51,9.6,7.5,-59,44.35,0,0,-38,35.41,0,7.5,4.5,3.2
-42,42.51,9.6,7.5,-51,44.35,0,0,-39,35.41,0,7.5,4.5,3.2
-40,42.51,9.6,7.5,-47,44.35,0,0,-35,35.41,0,7.5,4.5,3.2
-41,42.51,9.6,7.5,-46,44.35,0,0,-37,35.41,0,7.5,4.5,3.2
-40,42.51,9.6,7.5,-48,44.35,0,0,-37,35.41,0,7.5,4.5,3.2
-41,42.51,9.6,7.5,-47,44.35,0,0,-38,35.41,0,7.5,4.5,3.2
-40,42.51,9.6,7.5,-47,44.35,0,0,-37,35.41,0,7.5,4.5,3.2
-43,42.51,9.6,7.5,-47,44.35,0,0,-38,35.41,0,7.5,4.5,3.2
-42,42.51,9.6,7.5,-47,44.35,0,0,-37,35.41,0,7.5,4.5,3.2
-41,42.51,9.6,7.5,-47,44.35,0,0,-37,35.41,0,7.5,4.5,3.2
-41,42.51,9.6,7.5,-47,44.35,0,0,-37,35.41,0,7.5,4.5,3.2
-41,42.51,9.6,7.5,-47,44.35,0,0,-38,35.41,0,7.5,4.5,3.2
-41,42.51,9.6,7.5,-49,44.35,0,0,-37,35.41,0,7.5,4.5,3.2
-41,42.51,9.6,7.5,-48,44.35,0,0,-36,35.41,0,7.5,4.5,3.2
-41,42.51,9.6,7.5,-47,44.35,0,0,-38,35.41,0,7.5,4.5,3.2
-42,42.51,9.6,7.5,-48,44.35,0,0,-37,35.41,0,7.5,4.5,3.2
-41,42.51,9.6,7.5,-46,44.35,0,0,-37,35.41,0,7.5,4.5,3.2
-42,42.51,9.6,7.5,-47,44.35,0,0,-38,35.41,0,7.5,4.5,3.2
-41,42.51,9.6,7.5,-48,44.35,0,0,-36,35.41,0,7.5,4.5,3.2
-41,42.51,9.6,7.5,-47,44.35,0,0,-36,35.41,0,7.5,4.5,3.2
-42,42.51,9.6,7.5,-48,44.35,0,0,-37,35.41,0,7.5,4.5,3.2
-41,42.51,9.6,7.5,-47,44.35,0,0,-38,35.41,0,7.5,4.5,3.2
-42,42.51,9.6,7.5,-48,44.35,0,0,-37,35.41,0,7.5,4.5,3.2
-41,42.51,9.6,7.5,-49,44.35,0,0,-36,35.41,0,7.5,4.5,3.2
-41,42.51,9.6,7.5,-48,44.35,0,0,-37,35.41,0,7.5,4.5,3.2
-41,42.51,9.6,7.5,-46,44.35,0,0,-37,35.41,0,7.5,4.5,3.2
-41,42.51,9.6,7.5,-48,44.35,0,0,-38,35.41,0,7.5,4.5,3.2
-41,42.51,9.6,7.5,-47,44.35,0,0,-37,35.41,0,7.5,4.5,3.2
-41,42.51,9.6,7.5,-48,44.35,0,0,-37,35.41,0,7.5,4.5,3.2
-41,42.51,9.6,7.5,-48,44.35,0,0,-37,35.41,0,7.5,4.5,3.2
-41,42.51,9.6,7.5,-47,44.35,0,0,-37,35.41,0,7.5,4.5,3.2
-41,42.51,9.6,7.5,-46,44.35,0,0,-38,35.41,0,7.5,4.5,3.2
-41,42.51,9.6,7.5,-47,44.35,0,0,-38,35.41,0,7.5,4.5,3.2
-42,42.51,9.6,7.5,-47,44.35,0,0,-37,35.41,0,7.5,4.5,3.2
-41,42.51,9.6,7.5,-46,44.35,0,0,-38,35.41,0,7.5,4.5,3.2
-42,42.51,9.6,7.5,-49,44.35,0,0,-37,35.41,0,7.5,4.5,3.2
-41,42.51,9.6,7.5,-47,44.35,0,0,-38,35.41,0,7.5,4.5,3.2
-41,42.51,9.6,7.5,-46,44.35,0,0,-37,35.41,0,7.5,4.5,3.2
-42,42.51,9.6,7.5,-47,44.35,0,0,-38,35.41,0,7.5,4.5,3.2
-41,42.51,9.6,7.5,-46,44.35,0,0,-38,35.41,0,7.5,4.5,3.2
-42,42.51,9.6,7.5,-48,44.35,0,0,-37,35.41,0,7.5,4.5,3.2
-41,42.51,9.6,7.5,-47,44.35,0,0,-36,35.41,0,7.5,4.5,3.2
-41,42.51,9.6,7.5,-47,44.35,0,0,-38,35.41,0,7.5,4.5,3.2
-42,42.51,9.6,7.5,-48,44.35,0,0,-37,35.41,0,7.5,4.5,3.2
-42,42.51,9.6,7.5,-47,44.35,0,0,-38,35.41,0,7.5,4.5,3.2
-41,42.51,9.6,7.5,-46,44.35,0,0,-38,35.41,0,7.5,4.5,3.2
-42,42.51,9.6,7.5,-48,44.35,0,0,-37,35.41,0,7.5,4.5,3.2
-51,51.13,9.6,7.5,-50,28.07,0,0,-37,36.25,0,7.5,6,3.2
-42,51.13,9.6,7.5,-47,28.07,0,0,-35,36.25,0,7.5,6,3.2
-39,51.13,9.6,7.5,-45,28.07,0,0,-35,36.25,0,7.5,6,3.2
-39,51.13,9.6,7.5,-48,28.07,0,0,-35,36.25,0,7.5,6,3.2
-40,51.13,9.6,7.5,-49,28.07,0,0,-36,36.25,0,7.5,6,3.2
-40,51.13,9.6,7.5,-47,28.07,0,0,-36,36.25,0,7.5,6,3.2
-40,51.13,9.6,7.5,-47,28.07,0,0,-39,36.25,0,7.5,6,3.2
-41,51.13,9.6,7.5,-49,28.07,0,0,-42,36.25,0,7.5,6,3.2
-40,51.13,9.6,7.5,-49,28.07,0,0,-35,36.25,0,7.5,6,3.2
-41,51.13,9.6,7.5,-51,28.07,0,0,-35,36.25,0,7.5,6,3.2
-40,51.13,9.6,7.5,-48,28.07,0,0,-35,36.25,0,7.5,6,3.2
-38,51.13,9.6,7.5,-48,28.07,0,0,-34,36.25,0,7.5,6,3.2
-39,51.13,9.6,7.5,-48,28.07,0,0,-35,36.25,0,7.5,6,3.2
-41,51.13,9.6,7.5,-49,28.07,0,0,-35,36.25,0,7.5,6,3.2
-38,51.13,9.6,7.5,-50,28.07,0,0,-36,36.25,0,7.5,6,3.2
-40,51.13,9.6,7.5,-48,28.07,0,0,-35,36.25,0,7.5,6,3.2
-40,51.13,9.6,7.5,-50,28.07,0,0,-37,36.25,0,7.5,6,3.2
-41,51.13,9.6,7.5,-49,28.07,0,0,-34,36.25,0,7.5,6,3.2
-39,51.13,9.6,7.5,-50,28.07,0,0,-36,36.25,0,7.5,6,3.2
-41,51.13,9.6,7.5,-49,28.07,0,0,-37,36.25,0,7.5,6,3.2
-41,51.13,9.6,7.5,-47,28.07,0,0,-36,36.25,0,7.5,6,3.2
-40,51.13,9.6,7.5,-49,28.07,0,0,-37,36.25,0,7.5,6,3.2
-40,51.13,9.6,7.5,-50,28.07,0,0,-34,36.25,0,7.5,6,3.2
-41,51.13,9.6,7.5,-50,28.07,0,0,-36,36.25,0,7.5,6,3.2
-41,51.13,9.6,7.5,-50,28.07,0,0,-35,36.25,0,7.5,6,3.2
-40,51.13,9.6,7.5,-49,28.07,0,0,-35,36.25,0,7.5,6,3.2
-41,51.13,9.6,7.5,-49,28.07,0,0,-36,36.25,0,7.5,6,3.2
-38,51.13,9.6,7.5,-50,28.07,0,0,-36,36.25,0,7.5,6,3.2
-39,51.13,9.6,7.5,-49,28.07,0,0,-35,36.25,0,7.5,6,3.2
-41,51.13,9.6,7.5,-49,28.07,0,0,-34,36.25,0,7.5,6,3.2
-38,51.13,9.6,7.5,-49,28.07,0,0,-35,36.25,0,7.5,6,3.2
-39,51.13,9.6,7.5,-49,28.07,0,0,-35,36.25,0,7.5,6,3.2
-40,51.13,9.6,7.5,-49,28.07,0,0,-37,36.25,0,7.5,6,3.2
-41,51.13,9.6,7.5,-50,28.07,0,0,-35,36.25,0,7.5,6,3.2
-38,51.13,9.6,7.5,-49,28.07,0,0,-37,36.25,0,7.5,6,3.2
-40,51.13,9.6,7.5,-50,28.07,0,0,-34,36.25,0,7.5,6,3.2
-41,51.13,9.6,7.5,-50,28.07,0,0,-35,36.25,0,7.5,6,3.2
-39,51.13,9.6,7.5,-50,28.07,0,0,-35,36.25,0,7.5,6,3.2
-41,51.13,9.6,7.5,-49,28.07,0,0,-36,36.25,0,7.5,6,3.2
-38,51.13,9.6,7.5,-49,28.07,0,0,-36,36.25,0,7.5,6,3.2
-40,51.13,9.6,7.5,-50,28.07,0,0,-36,36.25,0,7.5,6,3.2
-41,51.13,9.6,7.5,-49,28.07,0,0,-35,36.25,0,7.5,6,3.2
-40,51.13,9.6,7.5,-48,28.07,0,0,-36,36.25,0,7.5,6,3.2
-38,51.13,9.6,7.5,-49,28.07,0,0,-37,36.25,0,7.5,6,3.2
-42,51.13,9.6,7.5,-53,28.07,0,0,-36,36.25,0,7.5,6,3.2
-40,51.13,9.6,7.5,-49,28.07,0,0,-35,36.25,0,7.5,6,3.2
-38,51.13,9.6,7.5,-49,28.07,0,0,-37,36.25,0,7.5,6,3.2
-42,51.13,9.6,7.5,-53,28.07,0,0,-36,36.25,0,7.5,6,3.2
-40,51.13,9.6,7.5,-49,28.07,0,0,-35,36.25,0,7.5,6,3.2
-40,51.13,9.6,7.5,-49,28.07,0,0,-35,36.25,0,7.5,6,3.2
-51,67.75,9.6,7.5,-49,23.16,0,0,-36,30.39,0,7.5,7.5,3.2
-44,67.75,9.6,7.5,-46,23.16,0,0,-38,30.39,0,7.5,7.5,3.2
-45,67.75,9.6,7.5,-47,23.16,0,0,-40,30.39,0,7.5,7.5,3.2
-43,67.75,9.6,7.5,-46,23.16,0,0,-39,30.39,0,7.5,7.5,3.2
-44,67.75,9.6,7.5,-47,23.16,0,0,-39,30.39,0,7.5,7.5,3.2
-44,67.75,9.6,7.5,-49,23.16,0,0,-38,30.39,0,7.5,7.5,3.2
-44,67.75,9.6,7.5,-46,23.16,0,0,-39,30.39,0,7.5,7.5,3.2
-44,67.75,9.6,7.5,-47,23.16,0,0,-40,30.39,0,7.5,7.5,3.2
-44,67.75,9.6,7.5,-46,23.16,0,0,-39,30.39,0,7.5,7.5,3.2
-44,67.75,9.6,7.5,-48,23.16,0,0,-40,30.39,0,7.5,7.5,3.2
-44,67.75,9.6,7.5,-48,23.16,0,0,-38,30.39,0,7.5,7.5,3.2
-46,67.75,9.6,7.5,-47,23.16,0,0,-38,30.39,0,7.5,7.5,3.2
-45,67.75,9.6,7.5,-47,23.16,0,0,-38,30.39,0,7.5,7.5,3.2
-43,67.75,9.6,7.5,-46,23.16,0,0,-39,30.39,0,7.5,7.5,3.2
-45,67.75,9.6,7.5,-50,23.16,0,0,-38,30.39,0,7.5,7.5,3.2
-45,67.75,9.6,7.5,-47,23.16,0,0,-39,30.39,0,7.5,7.5,3.2
-47,67.75,9.6,7.5,-47,23.16,0,0,-39,30.39,0,7.5,7.5,3.2
-45,67.75,9.6,7.5,-50,23.16,0,0,-40,30.39,0,7.5,7.5,3.2
-47,67.75,9.6,7.5,-47,23.16,0,0,-38,30.39,0,7.5,7.5,3.2
-46,67.75,9.6,7.5,-49,23.16,0,0,-39,30.39,0,7.5,7.5,3.2
-47,67.75,9.6,7.5,-47,23.16,0,0,-39,30.39,0,7.5,7.5,3.2
-45,67.75,9.6,7.5,-48,23.16,0,0,-40,30.39,0,7.5,7.5,3.2
-46,67.75,9.6,7.5,-48,23.16,0,0,-38,30.39,0,7.5,7.5,3.2
-47,67.75,9.6,7.5,-48,23.16,0,0,-39,30.39,0,7.5,7.5,3.2
-45,67.75,9.6,7.5,-50,23.16,0,0,-40,30.39,0,7.5,7.5,3.2
-47,67.75,9.6,7.5,-47,23.16,0,0,-39,30.39,0,7.5,7.5,3.2
-45,67.75,9.6,7.5,-47,23.16,0,0,-38,30.39,0,7.5,7.5,3.2
-47,67.75,9.6,7.5,-49,23.16,0,0,-38,30.39,0,7.5,7.5,3.2
-45,67.75,9.6,7.5,-47,23.16,0,0,-38,30.39,0,7.5,7.5,3.2
-46,67.75,9.6,7.5,-48,23.16,0,0,-40,30.39,0,7.5,7.5,3.2
-45,67.75,9.6,7.5,-49,23.16,0,0,-39,30.39,0,7.5,7.5,3.2
-47,67.75,9.6,7.5,-48,23.16,0,0,-39,30.39,0,7.5,7.5,3.2
-46,67.75,9.6,7.5,-48,23.16,0,0,-38,30.39,0,7.5,7.5,3.2
-45,67.75,9.6,7.5,-50,23.16,0,0,-39,30.39,0,7.5,7.5,3.2
-47,67.75,9.6,7.5,-50,23.16,0,0,-38,30.39,0,7.5,7.5,3.2
-45,67.75,9.6,7.5,-49,23.16,0,0,-39,30.39,0,7.5,7.5,3.2
-44,67.75,9.6,7.5,-47,23.16,0,0,-39,30.39,0,7.5,7.5,3.2
-43,67.75,9.6,7.5,-46,23.16,0,0,-39,30.39,0,7.5,7.5,3.2
-45,67.75,9.6,7.5,-47,23.16,0,0,-39,30.39,0,7.5,7.5,3.2
-43,67.75,9.6,7.5,-50,23.16,0,0,-38,30.39,0,7.5,7.5,3.2
-45,67.75,9.6,7.5,-50,23.16,0,0,-39,30.39,0,7.5,7.5,3.2
-57,67.75,9.6,7.5,-47,23.16,0,0,-40,30.39,0,7.5,7.5,3.2
-43,67.75,9.6,7.5,-50,23.16,0,0,-39,30.39,0,7.5,7.5,3.2
-45,67.75,9.6,7.5,-50,23.16,0,0,-39,30.39,0,7.5,7.5,3.2
-47,67.75,9.6,7.5,-50,23.16,0,0,-38,30.39,0,7.5,7.5,3.2
-45,67.75,9.6,7.5,-49,23.16,0,0,-39,30.39,0,7.5,7.5,3.2
-44,67.75,9.6,7.5,-47,23.16,0,0,-39,30.39,0,7.5,7.5,3.2
-43,67.75,9.6,7.5,-46,23.16,0,0,-39,30.39,0,7.5,7.5,3.2
-45,67.75,9.6,7.5,-47,23.16,0,0,-39,30.39,0,7.5,7.5,3.2
-44,67.75,9.6,7.5,-47,23.16,0,0,-39,30.39,0,7.5,7.5,3.2
-44,86.09,9.6,7.5,-49,19.57,0,0,-36,26.05,0,7.5,9,3.2
-41,86.09,9.6,7.5,-45,19.57,0,0,-40,26.05,0,7.5,9,3.2
-44,86.09,9.6,7.5,-51,19.57,0,0,-37,26.05,0,7.5,9,3.2
-45,86.09,9.6,7.5,-49,19.57,0,0,-36,26.05,0,7.5,9,3.2
-44,86.09,9.6,7.5,-49,19.57,0,0,-38,26.05,0,7.5,9,3.2
-45,86.09,9.6,7.5,-48,19.57,0,0,-38,26.05,0,7.5,9,3.2
-50,86.09,9.6,7.5,-47,19.57,0,0,-36,26.05,0,7.5,9,3.2
-46,86.09,9.6,7.5,-48,19.57,0,0,-37,26.05,0,7.5,9,3.2
-43,86.09,9.6,7.5,-46,19.57,0,0,-36,26.05,0,7.5,9,3.2
-46,86.09,9.6,7.5,-48,19.57,0,0,-36,26.05,0,7.5,9,3.2
-45,86.09,9.6,7.5,-48,19.57,0,0,-35,26.05,0,7.5,9,3.2
-45,86.09,9.6,7.5,-48,19.57,0,0,-37,26.05,0,7.5,9,3.2
-47,86.09,9.6,7.5,-48,19.57,0,0,-37,26.05,0,7.5,9,3.2
-44,86.09,9.6,7.5,-47,19.57,0,0,-37,26.05,0,7.5,9,3.2
-45,86.09,9.6,7.5,-47,19.57,0,0,-37,26.05,0,7.5,9,3.2
-45,86.09,9.6,7.5,-47,19.57,0,0,-37,26.05,0,7.5,9,3.2
-44,86.09,9.6,7.5,-47,19.57,0,0,-37,26.05,0,7.5,9,3.2
-45,86.09,9.6,7.5,-47,19.57,0,0,-36,26.05,0,7.5,9,3.2
-44,86.09,9.6,7.5,-47,19.57,0,0,-38,26.05,0,7.5,9,3.2
-46,86.09,9.6,7.5,-47,19.57,0,0,-36,26.05,0,7.5,9,3.2
-45,86.09,9.6,7.5,-47,19.57,0,0,-37,26.05,0,7.5,9,3.2
-43,86.09,9.6,7.5,-47,19.57,0,0,-36,26.05,0,7.5,9,3.2
-46,86.09,9.6,7.5,-47,19.57,0,0,-36,26.05,0,7.5,9,3.2
-45,86.09,9.6,7.5,-47,19.57,0,0,-35,26.05,0,7.5,9,3.2
-43,86.09,9.6,7.5,-48,19.57,0,0,-38,26.05,0,7.5,9,3.2
-43,86.09,9.6,7.5,-48,19.57,0,0,-36,26.05,0,7.5,9,3.2
-45,86.09,9.6,7.5,-48,19.57,0,0,-38,26.05,0,7.5,9,3.2
-46,86.09,9.6,7.5,-48,19.57,0,0,-37,26.05,0,7.5,9,3.2
-45,86.09,9.6,7.5,-47,19.57,0,0,-39,26.05,0,7.5,9,3.2
-46,86.09,9.6,7.5,-49,19.57,0,0,-36,26.05,0,7.5,9,3.2
-45,86.09,9.6,7.5,-50,19.57,0,0,-36,26.05,0,7.5,9,3.2
-46,86.09,9.6,7.5,-50,19.57,0,0,-37,26.05,0,7.5,9,3.2
-44,86.09,9.6,7.5,-48,19.57,0,0,-36,26.05,0,7.5,9,3.2
-46,86.09,9.6,7.5,-49,19.57,0,0,-38,26.05,0,7.5,9,3.2
-45,86.09,9.6,7.5,-49,19.57,0,0,-36,26.05,0,7.5,9,3.2
-44,86.09,9.6,7.5,-49,19.57,0,0,-38,26.05,0,7.5,9,3.2
-45,86.09,9.6,7.5,-47,19.57,0,0,-36,26.05,0,7.5,9,3.2
-43,86.09,9.6,7.5,-56,19.57,0,0,-37,26.05,0,7.5,9,3.2
-44,86.09,9.6,7.5,-52,19.57,0,0,-37,26.05,0,7.5,9,3.2
-45,86.09,9.6,7.5,-53,19.57,0,0,-38,26.05,0,7.5,9,3.2
-44,86.09,9.6,7.5,-48,19.57,0,0,-37,26.05,0,7.5,9,3.2
-45,86.09,9.6,7.5,-50,19.57,0,0,-37,26.05,0,7.5,9,3.2
-44,86.09,9.6,7.5,-62,19.57,0,0,-36,26.05,0,7.5,9,3.2
-44,86.09,9.6,7.5,-48,19.57,0,0,-37,26.05,0,7.5,9,3.2
-44,86.09,9.6,7.5,-48,19.57,0,0,-36,26.05,0,7.5,9,3.2
-45,86.09,9.6,7.5,-47,19.57,0,0,-37,26.05,0,7.5,9,3.2
-46,86.09,9.6,7.5,-46,19.57,0,0,-39,26.05,0,7.5,9,3.2
-44,86.09,9.6,7.5,-47,19.57,0,0,-37,26.05,0,7.5,9,3.2
-45,86.09,9.6,7.5,-47,19.57,0,0,-37,26.05,0,7.5,9,3.2
-46,86.09,9.6,7.5,-46,19.57,0,0,-36,26.05,0,7.5,9,3.2
-61,8.7,9.6,7.5,-52,76.9,0,0,-28,38.65,0,7.5,1.5,6.4
-61,8.7,9.6,7.5,-52,76.9,0,0,-29,38.65,0,7.5,1.5,6.4
-62,8.7,9.6,7.5,-52,76.9,0,0,-31,38.65,0,7.5,1.5,6.4
-60,8.7,9.6,7.5,-51,76.9,0,0,-31,38.65,0,7.5,1.5,6.4
-61,8.7,9.6,7.5,-53,76.9,0,0,-32,38.65,0,7.5,1.5,6.4
-61,8.7,9.6,7.5,-53,76.9,0,0,-30,38.65,0,7.5,1.5,6.4
-62,8.7,9.6,7.5,-53,76.9,0,0,-32,38.65,0,7.5,1.5,6.4
-62,8.7,9.6,7.5,-59,76.9,0,0,-30,38.65,0,7.5,1.5,6.4
-61,8.7,9.6,7.5,-58,76.9,0,0,-30,38.65,0,7.5,1.5,6.4
-62,8.7,9.6,7.5,-61,76.9,0,0,-31,38.65,0,7.5,1.5,6.4
-62,8.7,9.6,7.5,-60,76.9,0,0,-31,38.65,0,7.5,1.5,6.4
-62,8.7,9.6,7.5,-60,76.9,0,0,-30,38.65,0,7.5,1.5,6.4
-60,8.7,9.6,7.5,-59,76.9,0,0,-31,38.65,0,7.5,1.5,6.4
-62,8.7,9.6,7.5,-59,76.9,0,0,-32,38.65,0,7.5,1.5,6.4
-61,8.7,9.6,7.5,-52,76.9,0,0,-31,38.65,0,7.5,1.5,6.4
-61,8.7,9.6,7.5,-51,76.9,0,0,-30,38.65,0,7.5,1.5,6.4
-60,8.7,9.6,7.5,-52,76.9,0,0,-29,38.65,0,7.5,1.5,6.4
-63,8.7,9.6,7.5,-52,76.9,0,0,-29,38.65,0,7.5,1.5,6.4
-64,8.7,9.6,7.5,-52,76.9,0,0,-30,38.65,0,7.5,1.5,6.4
-59,8.7,9.6,7.5,-52,76.9,0,0,-31,38.65,0,7.5,1.5,6.4
-59,8.7,9.6,7.5,-52,76.9,0,0,-29,38.65,0,7.5,1.5,6.4
-62,8.7,9.6,7.5,-52,76.9,0,0,-30,38.65,0,7.5,1.5,6.4
-64,8.7,9.6,7.5,-52,76.9,0,0,-31,38.65,0,7.5,1.5,6.4
-58,8.7,9.6,7.5,-53,76.9,0,0,-30,38.65,0,7.5,1.5,6.4
-64,8.7,9.6,7.5,-53,76.9,0,0,-31,38.65,0,7.5,1.5,6.4
-61,8.7,9.6,7.5,-53,76.9,0,0,-29,38.65,0,7.5,1.5,6.4
-61,8.7,9.6,7.5,-53,76.9,0,0,-30,38.65,0,7.5,1.5,6.4
-62,8.7,9.6,7.5,-52,76.9,0,0,-31,38.65,0,7.5,1.5,6.4
-61,8.7,9.6,7.5,-54,76.9,0,0,-29,38.65,0,7.5,1.5,6.4
-62,8.7,9.6,7.5,-51,76.9,0,0,-30,38.65,0,7.5,1.5,6.4
-60,8.7,9.6,7.5,-56,76.9,0,0,-30,38.65,0,7.5,1.5,6.4
-62,8.7,9.6,7.5,-57,76.9,0,0,-31,38.65,0,7.5,1.5,6.4
-62,8.7,9.6,7.5,-51,76.9,0,0,-30,38.65,0,7.5,1.5,6.4
-61,8.7,9.6,7.5,-57,76.9,0,0,-30,38.65,0,7.5,1.5,6.4
-62,8.7,9.6,7.5,-54,76.9,0,0,-31,38.65,0,7.5,1.5,6.4
-60,8.7,9.6,7.5,-52,76.9,0,0,-30,38.65,0,7.5,1.5,6.4
-61,8.7,9.6,7.5,-54,76.9,0,0,-31,38.65,0,7.5,1.5,6.4
-60,8.7,9.6,7.5,-54,76.9,0,0,-30,38.65,0,7.5,1.5,6.4
-61,8.7,9.6,7.5,-54,76.9,0,0,-31,38.65,0,7.5,1.5,6.4
-62,8.7,9.6,7.5,-52,76.9,0,0,-32,38.65,0,7.5,1.5,6.4
-59,8.7,9.6,7.5,-54,76.9,0,0,-30,38.65,0,7.5,1.5,6.4
-59,8.7,9.6,7.5,-52,76.9,0,0,-31,38.65,0,7.5,1.5,6.4
-62,8.7,9.6,7.5,-54,76.9,0,0,-30,38.65,0,7.5,1.5,6.4
-60,8.7,9.6,7.5,-56,76.9,0,0,-31,38.65,0,7.5,1.5,6.4
-62,8.7,9.6,7.5,-54,76.9,0,0,-29,38.65,0,7.5,1.5,6.4
-62,8.7,9.6,7.5,-52,76.9,0,0,-30,38.65,0,7.5,1.5,6.4
-62,8.7,9.6,7.5,-54,76.9,0,0,-31,38.65,0,7.5,1.5,6.4
-61,8.7,9.6,7.5,-54,76.9,0,0,-30,38.65,0,7.5,1.5,6.4
-60,8.7,9.6,7.5,-56,76.9,0,0,-31,38.65,0,7.5,1.5,6.4
-62,8.7,9.6,7.5,-54,76.9,0,0,-29,38.65,0,7.5,1.5,6.4
-53,10.7,9.6,7.5,-54,64.8,0,0,-40,21.8,0,7.5,3,6.4
-49,10.7,9.6,7.5,-50,64.8,0,0,-39,21.8,0,7.5,3,6.4
-47,10.7,9.6,7.5,-51,64.8,0,0,-48,21.8,0,7.5,3,6.4
-49,10.7,9.6,7.5,-49,64.8,0,0,-48,21.8,0,7.5,3,6.4
-47,10.7,9.6,7.5,-50,64.8,0,0,-48,21.8,0,7.5,3,6.4
-47,10.7,9.6,7.5,-49,64.8,0,0,-45,21.8,0,7.5,3,6.4
-48,10.7,9.6,7.5,-50,64.8,0,0,-45,21.8,0,7.5,3,6.4
-47,10.7,9.6,7.5,-50,64.8,0,0,-47,21.8,0,7.5,3,6.4
-47,10.7,9.6,7.5,-49,64.8,0,0,-47,21.8,0,7.5,3,6.4
-48,10.7,9.6,7.5,-50,64.8,0,0,-47,21.8,0,7.5,3,6.4
-47,10.7,9.6,7.5,-50,64.8,0,0,-47,21.8,0,7.5,3,6.4
-48,10.7,9.6,7.5,-50,64.8,0,0,-46,21.8,0,7.5,3,6.4
-47,10.7,9.6,7.5,-50,64.8,0,0,-47,21.8,0,7.5,3,6.4
-48,10.7,9.6,7.5,-49,64.8,0,0,-46,21.8,0,7.5,3,6.4
-47,10.7,9.6,7.5,-50,64.8,0,0,-47,21.8,0,7.5,3,6.4
-48,10.7,9.6,7.5,-50,64.8,0,0,-46,21.8,0,7.5,3,6.4
-46,10.7,9.6,7.5,-50,64.8,0,0,-45,21.8,0,7.5,3,6.4
-48,10.7,9.6,7.5,-50,64.8,0,0,-47,21.8,0,7.5,3,6.4
-48,10.7,9.6,7.5,-50,64.8,0,0,-46,21.8,0,7.5,3,6.4
-47,10.7,9.6,7.5,-50,64.8,0,0,-47,21.8,0,7.5,3,6.4
-48,10.7,9.6,7.5,-50,64.8,0,0,-46,21.8,0,7.5,3,6.4
-47,10.7,9.6,7.5,-50,64.8,0,0,-47,21.8,0,7.5,3,6.4
-48,10.7,9.6,7.5,-51,64.8,0,0,-47,21.8,0,7.5,3,6.4
-47,10.7,9.6,7.5,-50,64.8,0,0,-46,21.8,0,7.5,3,6.4
-48,10.7,9.6,7.5,-50,64.8,0,0,-47,21.8,0,7.5,3,6.4
-47,10.7,9.6,7.5,-50,64.8,0,0,-46,21.8,0,7.5,3,6.4
-47,10.7,9.6,7.5,-50,64.8,0,0,-47,21.8,0,7.5,3,6.4
-49,10.7,9.6,7.5,-50,64.8,0,0,-46,21.8,0,7.5,3,6.4
-47,10.7,9.6,7.5,-50,64.8,0,0,-47,21.8,0,7.5,3,6.4
-48,10.7,9.6,7.5,-49,64.8,0,0,-46,21.8,0,7.5,3,6.4
-47,10.7,9.6,7.5,-50,64.8,0,0,-47,21.8,0,7.5,3,6.4
-48,10.7,9.6,7.5,-50,64.8,0,0,-47,21.8,0,7.5,3,6.4
-47,10.7,9.6,7.5,-50,64.8,0,0,-47,21.8,0,7.5,3,6.4
-49,10.7,9.6,7.5,-50,64.8,0,0,-46,21.8,0,7.5,3,6.4
-47,10.7,9.6,7.5,-50,64.8,0,0,-48,21.8,0,7.5,3,6.4
-48,10.7,9.6,7.5,-50,64.8,0,0,-46,21.8,0,7.5,3,6.4
-47,10.7,9.6,7.5,-50,64.8,0,0,-47,21.8,0,7.5,3,6.4
-48,10.7,9.6,7.5,-51,64.8,0,0,-46,21.8,0,7.5,3,6.4
-47,10.7,9.6,7.5,-50,64.8,0,0,-48,21.8,0,7.5,3,6.4
-48,10.7,9.6,7.5,-50,64.8,0,0,-46,21.8,0,7.5,3,6.4
-47,10.7,9.6,7.5,-50,64.8,0,0,-47,21.8,0,7.5,3,6.4
-49,10.7,9.6,7.5,-50,64.8,0,0,-47,21.8,0,7.5,3,6.4
-47,10.7,9.6,7.5,-50,64.8,0,0,-48,21.8,0,7.5,3,6.4
-48,10.7,9.6,7.5,-51,64.8,0,0,-47,21.8,0,7.5,3,6.4
-47,10.7,9.6,7.5,-50,64.8,0,0,-46,21.8,0,7.5,3,6.4
-48,10.7,9.6,7.5,-51,64.8,0,0,-47,21.8,0,7.5,3,6.4
-47,10.7,9.6,7.5,-50,64.8,0,0,-47,21.8,0,7.5,3,6.4
-47,10.7,9.6,7.5,-50,64.8,0,0,-47,21.8,0,7.5,3,6.4
-48,10.7,9.6,7.5,-51,64.8,0,0,-48,21.8,0,7.5,3,6.4
-47,10.7,9.6,7.5,-50,64.8,0,0,-47,21.8,0,7.5,3,6.4
-51,14.03,9.6,7.5,-53,54.8,0,0,-39,14.9,0,7.5,4.5,6.4
-52,14.03,9.6,7.5,-54,54.8,0,0,-40,14.9,0,7.5,4.5,6.4
-53,14.03,9.6,7.5,-52,54.8,0,0,-39,14.9,0,7.5,4.5,6.4
-52,14.03,9.6,7.5,-55,54.8,0,0,-38,14.9,0,7.5,4.5,6.4
-51,14.03,9.6,7.5,-53,54.8,0,0,-38,14.9,0,7.5,4.5,6.4
-51,14.03,9.6,7.5,-54,54.8,0,0,-40,14.9,0,7.5,4.5,6.4
-51,14.03,9.6,7.5,-56,54.8,0,0,-39,14.9,0,7.5,4.5,6.4
-51,14.03,9.6,7.5,-53,54.8,0,0,-38,14.9,0,7.5,4.5,6.4
-55,14.03,9.6,7.5,-56,54.8,0,0,-40,14.9,0,7.5,4.5,6.4
-51,14.03,9.6,7.5,-55,54.8,0,0,-38,14.9,0,7.5,4.5,6.4
-51,14.03,9.6,7.5,-53,54.8,0,0,-38,14.9,0,7.5,4.5,6.4
-52,14.03,9.6,7.5,-51,54.8,0,0,-39,14.9,0,7.5,4.5,6.4
-52,14.03,9.6,7.5,-53,54.8,0,0,-39,14.9,0,7.5,4.5,6.4
-52,14.03,9.6,7.5,-56,54.8,0,0,-39,14.9,0,7.5,4.5,6.4
-49,14.03,9.6,7.5,-56,54.8,0,0,-40,14.9,0,7.5,4.5,6.4
-51,14.03,9.6,7.5,-54,54.8,0,0,-39,14.9,0,7.5,4.5,6.4
-50,14.03,9.6,7.5,-54,54.8,0,0,-38,14.9,0,7.5,4.5,6.4
-51,14.03,9.6,7.5,-53,54.8,0,0,-39,14.9,0,7.5,4.5,6.4
-50,14.03,9.6,7.5,-56,54.8,0,0,-39,14.9,0,7.5,4.5,6.4
-51,14.03,9.6,7.5,-56,54.8,0,0,-39,14.9,0,7.5,4.5,6.4
-52,14.03,9.6,7.5,-54,54.8,0,0,-40,14.9,0,7.5,4.5,6.4
-51,14.03,9.6,7.5,-55,54.8,0,0,-39,14.9,0,7.5,4.5,6.4
-52,14.03,9.6,7.5,-55,54.8,0,0,-39,14.9,0,7.5,4.5,6.4
-51,14.03,9.6,7.5,-54,54.8,0,0,-39,14.9,0,7.5,4.5,6.4
-51,14.03,9.6,7.5,-53,54.8,0,0,-39,14.9,0,7.5,4.5,6.4
-50,14.03,9.6,7.5,-54,54.8,0,0,-38,14.9,0,7.5,4.5,6.4
-51,14.03,9.6,7.5,-53,54.8,0,0,-40,14.9,0,7.5,4.5,6.4
-51,14.03,9.6,7.5,-54,54.8,0,0,-38,14.9,0,7.5,4.5,6.4
-51,14.03,9.6,7.5,-53,54.8,0,0,-39,14.9,0,7.5,4.5,6.4
-51,14.03,9.6,7.5,-54,54.8,0,0,-38,14.9,0,7.5,4.5,6.4
-50,14.03,9.6,7.5,-53,54.8,0,0,-39,14.9,0,7.5,4.5,6.4
-51,14.03,9.6,7.5,-53,54.8,0,0,-40,14.9,0,7.5,4.5,6.4
-51,14.03,9.6,7.5,-54,54.8,0,0,-38,14.9,0,7.5,4.5,6.4
-51,14.03,9.6,7.5,-53,54.8,0,0,-38,14.9,0,7.5,4.5,6.4
-51,14.03,9.6,7.5,-54,54.8,0,0,-40,14.9,0,7.5,4.5,6.4
-51,14.03,9.6,7.5,-53,54.8,0,0,-39,14.9,0,7.5,4.5,6.4
-50,14.03,9.6,7.5,-54,54.8,0,0,-39,14.9,0,7.5,4.5,6.4
-51,14.03,9.6,7.5,-54,54.8,0,0,-38,14.9,0,7.5,4.5,6.4
-51,14.03,9.6,7.5,-54,54.8,0,0,-39,14.9,0,7.5,4.5,6.4
-51,14.03,9.6,7.5,-53,54.8,0,0,-38,14.9,0,7.5,4.5,6.4
-51,14.03,9.6,7.5,-53,54.8,0,0,-39,14.9,0,7.5,4.5,6.4
-51,14.03,9.6,7.5,-53,54.8,0,0,-39,14.9,0,7.5,4.5,6.4
-51,14.03,9.6,7.5,-54,54.8,0,0,-39,14.9,0,7.5,4.5,6.4
-51,14.03,9.6,7.5,-53,54.8,0,0,-39,14.9,0,7.5,4.5,6.4
-51,14.03,9.6,7.5,-52,54.8,0,0,-38,14.9,0,7.5,4.5,6.4
-51,14.03,9.6,7.5,-54,54.8,0,0,-38,14.9,0,7.5,4.5,6.4
-51,14.03,9.6,7.5,-53,54.8,0,0,-39,14.9,0,7.5,4.5,6.4
-51,14.03,9.6,7.5,-53,54.8,0,0,-38,14.9,0,7.5,4.5,6.4
-51,14.03,9.6,7.5,-53,54.8,0,0,-39,14.9,0,7.5,4.5,6.4
-51,14.03,9.6,7.5,-54,54.8,0,0,-38,14.9,0,7.5,4.5,6.4
-46,19.9,9.6,7.5,-50,46.8,0,0,-44,11.3,0,7.5,6,6.4
-43,19.9,9.6,7.5,-52,46.8,0,0,-40,11.3,0,7.5,6,6.4
-42,19.9,9.6,7.5,-59,46.8,0,0,-40,11.3,0,7.5,6,6.4
-43,19.9,9.6,7.5,-57,46.8,0,0,-40,11.3,0,7.5,6,6.4
-43,19.9,9.6,7.5,-63,46.8,0,0,-40,11.3,0,7.5,6,6.4
-45,19.9,9.6,7.5,-58,46.8,0,0,-39,11.3,0,7.5,6,6.4
-42,19.9,9.6,7.5,-62,46.8,0,0,-41,11.3,0,7.5,6,6.4
-43,19.9,9.6,7.5,-61,46.8,0,0,-41,11.3,0,7.5,6,6.4
-44,19.9,9.6,7.5,-57,46.8,0,0,-39,11.3,0,7.5,6,6.4
-43,19.9,9.6,7.5,-60,46.8,0,0,-40,11.3,0,7.5,6,6.4
-44,19.9,9.6,7.5,-61,46.8,0,0,-41,11.3,0,7.5,6,6.4
-43,19.9,9.6,7.5,-60,46.8,0,0,-39,11.3,0,7.5,6,6.4
-42,19.9,9.6,7.5,-60,46.8,0,0,-40,11.3,0,7.5,6,6.4
-44,19.9,9.6,7.5,-60,46.8,0,0,-40,11.3,0,7.5,6,6.4
-43,19.9,9.6,7.5,-60,46.8,0,0,-40,11.3,0,7.5,6,6.4
-41,19.9,9.6,7.5,-60,46.8,0,0,-39,11.3,0,7.5,6,6.4
-43,19.9,9.6,7.5,-59,46.8,0,0,-40,11.3,0,7.5,6,6.4
-42,19.9,9.6,7.5,-60,46.8,0,0,-40,11.3,0,7.5,6,6.4
-43,19.9,9.6,7.5,-59,46.8,0,0,-39,11.3,0,7.5,6,6.4
-42,19.9,9.6,7.5,-61,46.8,0,0,-44,11.3,0,7.5,6,6.4
-42,19.9,9.6,7.5,-59,46.8,0,0,-40,11.3,0,7.5,6,6.4
-45,19.9,9.6,7.5,-60,46.8,0,0,-41,11.3,0,7.5,6,6.4
-45,19.9,9.6,7.5,-61,46.8,0,0,-40,11.3,0,7.5,6,6.4
-43,19.9,9.6,7.5,-61,46.8,0,0,-41,11.3,0,7.5,6,6.4
-42,19.9,9.6,7.5,-52,46.8,0,0,-42,11.3,0,7.5,6,6.4
-43,19.9,9.6,7.5,-58,46.8,0,0,-39,11.3,0,7.5,6,6.4
-43,19.9,9.6,7.5,-59,46.8,0,0,-39,11.3,0,7.5,6,6.4
-43,19.9,9.6,7.5,-60,46.8,0,0,-40,11.3,0,7.5,6,6.4
-44,19.9,9.6,7.5,-59,46.8,0,0,-40,11.3,0,7.5,6,6.4
-44,19.9,9.6,7.5,-61,46.8,0,0,-40,11.3,0,7.5,6,6.4
-43,19.9,9.6,7.5,-59,46.8,0,0,-41,11.3,0,7.5,6,6.4
-44,19.9,9.6,7.5,-61,46.8,0,0,-40,11.3,0,7.5,6,6.4
-43,19.9,9.6,7.5,-60,46.8,0,0,-40,11.3,0,7.5,6,6.4
-43,19.9,9.6,7.5,-61,46.8,0,0,-39,11.3,0,7.5,6,6.4
-43,19.9,9.6,7.5,-61,46.8,0,0,-39,11.3,0,7.5,6,6.4
-43,19.9,9.6,7.5,-60,46.8,0,0,-41,11.3,0,7.5,6,6.4
-44,19.9,9.6,7.5,-58,46.8,0,0,-41,11.3,0,7.5,6,6.4
-43,19.9,9.6,7.5,-60,46.8,0,0,-41,11.3,0,7.5,6,6.4
-43,19.9,9.6,7.5,-59,46.8,0,0,-39,11.3,0,7.5,6,6.4
-43,19.9,9.6,7.5,-61,46.8,0,0,-39,11.3,0,7.5,6,6.4
-45,19.9,9.6,7.5,-61,46.8,0,0,-39,11.3,0,7.5,6,6.4
-42,19.9,9.6,7.5,-60,46.8,0,0,-42,11.3,0,7.5,6,6.4
-42,19.9,9.6,7.5,-61,46.8,0,0,-39,11.3,0,7.5,6,6.4
-42,19.9,9.6,7.5,-61,46.8,0,0,-39,11.3,0,7.5,6,6.4
-42,19.9,9.6,7.5,-59,46.8,0,0,-40,11.3,0,7.5,6,6.4
-45,19.9,9.6,7.5,-61,46.8,0,0,-40,11.3,0,7.5,6,6.4
-45,19.9,9.6,7.5,-60,46.8,0,0,-41,11.3,0,7.5,6,6.4
-43,19.9,9.6,7.5,-61,46.8,0,0,-39,11.3,0,7.5,6,6.4
-43,19.9,9.6,7.5,-61,46.8,0,0,-39,11.3,0,7.5,6,6.4
-45,19.9,9.6,7.5,-59,46.8,0,0,-40,11.3,0,7.5,6,6.4
-41,33.6,9.6,7.5,-52,40.47,0,0,-62,9.09,0,7.5,7.5,6.4
-39,33.6,9.6,7.5,-46,40.47,0,0,-50,9.09,0,7.5,7.5,6.4
-40,33.6,9.6,7.5,-48,40.47,0,0,-49,9.09,0,7.5,7.5,6.4
-39,33.6,9.6,7.5,-48,40.47,0,0,-49,9.09,0,7.5,7.5,6.4
-39,33.6,9.6,7.5,-47,40.47,0,0,-53,9.09,0,7.5,7.5,6.4
-40,33.6,9.6,7.5,-48,40.47,0,0,-53,9.09,0,7.5,7.5,6.4
-39,33.6,9.6,7.5,-49,40.47,0,0,-60,9.09,0,7.5,7.5,6.4
-40,33.6,9.6,7.5,-49,40.47,0,0,-62,9.09,0,7.5,7.5,6.4
-39,33.6,9.6,7.5,-50,40.47,0,0,-52,9.09,0,7.5,7.5,6.4
-40,33.6,9.6,7.5,-48,40.47,0,0,-50,9.09,0,7.5,7.5,6.4
-40,33.6,9.6,7.5,-49,40.47,0,0,-50,9.09,0,7.5,7.5,6.4
-39,33.6,9.6,7.5,-47,40.47,0,0,-54,9.09,0,7.5,7.5,6.4
-39,33.6,9.6,7.5,-50,40.47,0,0,-53,9.09,0,7.5,7.5,6.4
-41,33.6,9.6,7.5,-48,40.47,0,0,-52,9.09,0,7.5,7.5,6.4
-39,33.6,9.6,7.5,-48,40.47,0,0,-53,9.09,0,7.5,7.5,6.4
-39,33.6,9.6,7.5,-48,40.47,0,0,-55,9.09,0,7.5,7.5,6.4
-40,33.6,9.6,7.5,-50,40.47,0,0,-55,9.09,0,7.5,7.5,6.4
-40,33.6,9.6,7.5,-48,40.47,0,0,-52,9.09,0,7.5,7.5,6.4
-40,33.6,9.6,7.5,-48,40.47,0,0,-53,9.09,0,7.5,7.5,6.4
-39,33.6,9.6,7.5,-50,40.47,0,0,-52,9.09,0,7.5,7.5,6.4
-39,33.6,9.6,7.5,-49,40.47,0,0,-53,9.09,0,7.5,7.5,6.4
-39,33.6,9.6,7.5,-48,40.47,0,0,-55,9.09,0,7.5,7.5,6.4
-40,33.6,9.6,7.5,-50,40.47,0,0,-55,9.09,0,7.5,7.5,6.4
-41,33.6,9.6,7.5,-51,40.47,0,0,-52,9.09,0,7.5,7.5,6.4
-39,33.6,9.6,7.5,-49,40.47,0,0,-53,9.09,0,7.5,7.5,6.4
-39,33.6,9.6,7.5,-51,40.47,0,0,-51,9.09,0,7.5,7.5,6.4
-39,33.6,9.6,7.5,-48,40.47,0,0,-53,9.09,0,7.5,7.5,6.4
-40,33.6,9.6,7.5,-47,40.47,0,0,-51,9.09,0,7.5,7.5,6.4
-39,33.6,9.6,7.5,-49,40.47,0,0,-53,9.09,0,7.5,7.5,6.4
-38,33.6,9.6,7.5,-50,40.47,0,0,-54,9.09,0,7.5,7.5,6.4
-40,33.6,9.6,7.5,-50,40.47,0,0,-53,9.09,0,7.5,7.5,6.4
-39,33.6,9.6,7.5,-50,40.47,0,0,-52,9.09,0,7.5,7.5,6.4
-40,33.6,9.6,7.5,-49,40.47,0,0,-53,9.09,0,7.5,7.5,6.4
-40,33.6,9.6,7.5,-50,40.47,0,0,-54,9.09,0,7.5,7.5,6.4
-39,33.6,9.6,7.5,-48,40.47,0,0,-53,9.09,0,7.5,7.5,6.4
-41,33.6,9.6,7.5,-50,40.47,0,0,-53,9.09,0,7.5,7.5,6.4
-39,33.6,9.6,7.5,-49,40.47,0,0,-53,9.09,0,7.5,7.5,6.4
-40,33.6,9.6,7.5,-48,40.47,0,0,-54,9.09,0,7.5,7.5,6.4
-40,33.6,9.6,7.5,-49,40.47,0,0,-53,9.09,0,7.5,7.5,6.4
-39,33.6,9.6,7.5,-49,40.47,0,0,-54,9.09,0,7.5,7.5,6.4
-39,33.6,9.6,7.5,-48,40.47,0,0,-53,9.09,0,7.5,7.5,6.4
-40,33.6,9.6,7.5,-49,40.47,0,0,-54,9.09,0,7.5,7.5,6.4
-41,33.6,9.6,7.5,-47,40.47,0,0,-54,9.09,0,7.5,7.5,6.4
-39,33.6,9.6,7.5,-48,40.47,0,0,-53,9.09,0,7.5,7.5,6.4
-40,33.6,9.6,7.5,-49,40.47,0,0,-54,9.09,0,7.5,7.5,6.4
-41,33.6,9.6,7.5,-51,40.47,0,0,-53,9.09,0,7.5,7.5,6.4
-39,33.6,9.6,7.5,-47,40.47,0,0,-54,9.09,0,7.5,7.5,6.4
-40,33.6,9.6,7.5,-49,40.47,0,0,-53,9.09,0,7.5,7.5,6.4
-39,33.6,9.6,7.5,-50,40.47,0,0,-54,9.09,0,7.5,7.5,6.4
-39,33.6,9.6,7.5,-50,40.47,0,0,-52,9.09,0,7.5,7.5,6.4
-25,75.96,9.6,7.5,-51,35.41,0,0,-46,7.59,0,7.5,9.6,4
-36,75.96,9.6,7.5,-52,35.41,0,0,-51,7.59,0,7.5,9.6,4
-32,75.96,9.6,7.5,-51,35.41,0,0,-50,7.59,0,7.5,9.6,4
-33,75.96,9.6,7.5,-55,35.41,0,0,-52,7.59,0,7.5,9.6,4
-31,75.96,9.6,7.5,-51,35.41,0,0,-52,7.59,0,7.5,9.6,4
-31,75.96,9.6,7.5,-49,35.41,0,0,-52,7.59,0,7.5,9.6,4
-32,75.96,9.6,7.5,-50,35.41,0,0,-53,7.59,0,7.5,9.6,4
-31,75.96,9.6,7.5,-49,35.41,0,0,-51,7.59,0,7.5,9.6,4
-31,75.96,9.6,7.5,-55,35.41,0,0,-51,7.59,0,7.5,9.6,4
-32,75.96,9.6,7.5,-52,35.41,0,0,-54,7.59,0,7.5,9.6,4
-31,75.96,9.6,7.5,-53,35.41,0,0,-51,7.59,0,7.5,9.6,4
-31,75.96,9.6,7.5,-50,35.41,0,0,-53,7.59,0,7.5,9.6,4
-32,75.96,9.6,7.5,-49,35.41,0,0,-52,7.59,0,7.5,9.6,4
-32,75.96,9.6,7.5,-51,35.41,0,0,-53,7.59,0,7.5,9.6,4
-33,75.96,9.6,7.5,-51,35.41,0,0,-50,7.59,0,7.5,9.6,4
-33,75.96,9.6,7.5,-55,35.41,0,0,-49,7.59,0,7.5,9.6,4
-32,75.96,9.6,7.5,-51,35.41,0,0,-51,7.59,0,7.5,9.6,4
-33,75.96,9.6,7.5,-54,35.41,0,0,-52,7.59,0,7.5,9.6,4
-32,75.96,9.6,7.5,-48,35.41,0,0,-52,7.59,0,7.5,9.6,4
-33,75.96,9.6,7.5,-53,35.41,0,0,-52,7.59,0,7.5,9.6,4
-32,75.96,9.6,7.5,-51,35.41,0,0,-53,7.59,0,7.5,9.6,4
-33,75.96,9.6,7.5,-53,35.41,0,0,-51,7.59,0,7.5,9.6,4
-33,75.96,9.6,7.5,-55,35.41,0,0,-51,7.59,0,7.5,9.6,4
-33,75.96,9.6,7.5,-55,35.41,0,0,-52,7.59,0,7.5,9.6,4
-32,75.96,9.6,7.5,-50,35.41,0,0,-50,7.59,0,7.5,9.6,4
-32,75.96,9.6,7.5,-55,35.41,0,0,-52,7.59,0,7.5,9.6,4
-32,75.96,9.6,7.5,-59,35.41,0,0,-52,7.59,0,7.5,9.6,4
-32,75.96,9.6,7.5,-51,35.41,0,0,-52,7.59,0,7.5,9.6,4
-33,75.96,9.6,7.5,-59,35.41,0,0,-53,7.59,0,7.5,9.6,4
-32,75.96,9.6,7.5,-49,35.41,0,0,-51,7.59,0,7.5,9.6,4
-30,75.96,9.6,7.5,-48,35.41,0,0,-51,7.59,0,7.5,9.6,4
-25,75.96,9.6,7.5,-47,35.41,0,0,-48,7.59,0,7.5,9.6,4
-24,75.96,9.6,7.5,-45,35.41,0,0,-49,7.59,0,7.5,9.6,4
-26,75.96,9.6,7.5,-47,35.41,0,0,-49,7.59,0,7.5,9.6,4
-25,75.96,9.6,7.5,-46,35.41,0,0,-51,7.59,0,7.5,9.6,4
-24,75.96,9.6,7.5,-47,35.41,0,0,-49,7.59,0,7.5,9.6,4
-27,75.96,9.6,7.5,-48,35.41,0,0,-49,7.59,0,7.5,9.6,4
-25,75.96,9.6,7.5,-48,35.41,0,0,-49,7.59,0,7.5,9.6,4
-25,75.96,9.6,7.5,-47,35.41,0,0,-50,7.59,0,7.5,9.6,4
-24,75.96,9.6,7.5,-47,35.41,0,0,-49,7.59,0,7.5,9.6,4
-27,75.96,9.6,7.5,-47,35.41,0,0,-49,7.59,0,7.5,9.6,4
-26,75.96,9.6,7.5,-47,35.41,0,0,-49,7.59,0,7.5,9.6,4
-24,75.96,9.6,7.5,-47,35.41,0,0,-49,7.59,0,7.5,9.6,4
-25,75.96,9.6,7.5,-47,35.41,0,0,-51,7.59,0,7.5,9.6,4
-23,75.96,9.6,7.5,-48,35.41,0,0,-50,7.59,0,7.5,9.6,4
-26,75.96,9.6,7.5,-47,35.41,0,0,-49,7.59,0,7.5,9.6,4
-26,75.96,9.6,7.5,-48,35.41,0,0,-49,7.59,0,7.5,9.6,4
-25,75.96,9.6,7.5,-47,35.41,0,0,-49,7.59,0,7.5,9.6,4
-25,75.96,9.6,7.5,-49,35.41,0,0,-49,7.59,0,7.5,9.6,4
-24,75.96,9.6,7.5,-47,35.41,0,0,-46,7.59,0,7.5,9.6,4
